USE BlueJacket

INSERT INTO MsStaff VALUES
('MS001', 'Dodi Sudrajat', 'Male', 'dodisudrajat1@gmail.com', '081121134860', 100000000),
('MS002', 'Liliani Putri', 'Female', 'liliana03@gmail.com', '082290056830', 4000000),
('MS003', 'Jojo Suherman', 'Male', 'suherman01@gmail.com', '087777433902', 4000000),
('MS004', 'Dedi Kobotak', 'Male', 'dedibotak12@gmail.com', '089932257482', 4000000),
('MS005', 'Puteri Rara', 'Female', 'rarahujan89@gmail.com', '081343374820', 4000000),
('MS006', 'Vincent Jaya', 'Male', 'vincent004@gmail.com', '089123487120', 5000000),
('MS007', 'Michael Owen', 'Male', 'michaelowen19@gmail.com', '083343374581', 40000000),
('MS008', 'Raditya Anggara', 'Male', 'anggararadit87@gmail.com', '089012354970', 9000000),
('MS009', 'Angie Winata', 'Female', 'angiewinata45@gmail.com', '087734523190', 5000000),
('MS010', 'Angel Tan', 'Female', 'tan.angel34@gmail.com', '085761934850', 100000000)

INSERT INTO MsCustomer VALUES 
('MC001', 'Aji', 'Male', 'Apel Street', '081212340001'),
('MC002', 'Budi', 'Male', 'Banana Street', '081212340002'),
('MC003', 'Cinta', 'Female', 'Cherry Street', '081212340003'),
('MC004', 'Dea', 'Female', 'Delimah Street', '081212340004'),
('MC005', 'Eka', 'Male', 'Elang Street', '081212340005'),
('MC006', 'Fina', 'Female', 'Fish Street', '081212340006'),
('MC007', 'Gali', 'Male', 'Gajah Street', '081212340007'),
('MC008', 'Hana', 'Female', 'Halo Street', '081212340008'),
('MC009', 'Ika', 'Female', 'Indah Street', '081212340009'),
('MC010', 'Kelvin', 'Male', 'Komodo Street', '081212340010')

Insert INTO MsVendor Values
('MV001', 'JayaNaga', 'JayaNaga@gmail.com', '083251834597', 'JL.ManggaBesar'),
('MV002', 'PesonaDafa', 'PesonaDafa@gmail.com', '085697785432', 'JL.MerpatiPutih'),
('MV003', 'NopalGemilang', 'NopalGemilang@gmail.com', '087753127806', 'JL.MerdekaTimur'),
('MV004', 'JayaBaya', 'JayaBaya@gmail.com', '087706354893', 'JL.JalakLima'),
('MV005', 'StarMimpi', 'StarMimpi@gmail.com', '081293530765', 'JL.KaswariTujuh'),
('MV006', 'BlackMamba', 'BlackMamba@gmail.com', '087892340580', 'JL.TenggerekSelatan'),
('MV007', 'WhiteDragon', 'WhiteDragon@gmail.com', '086798535809', 'JL.DaraMerah'),
('MV008', 'VinJaya', 'VinJaya@gmail.com', '089645631207', 'JL.KebonGanja'),
('MV009', 'DoditGemilang', 'DoditGemilang@gmail.com', '083506958712', 'JL.BekasiTimur'),
('MV010', 'PesonaVincent', 'PesonaVincent@gmail.com', '0898635170', 'JL.MedanMerdeka')

INSERT INTO MsType VAlUES
('JT001', 'Bomber'),
('JT002', 'Trucker'),
('JT003', 'Denim'),
('JT004', 'Hoodie'),
('JT005', 'Parka'),
('JT006', 'Pea Coat'),
('JT007', 'Trench Coat'),
('JT008', 'Raincoat'),
('JT009', 'Crombie Coat'),
('JT010', 'Varsity')

INSERT INTO MsBrand VALUES
('JB001', 'JT001', 'Guccy'),
('JB002', 'JT002', 'Balencyaga'),
('JB003', 'JT003', 'Uniqla'),
('JB004', 'JT004', 'Niku'),
('JB005', 'JT005', 'Adidus'),
('JB006', 'JT006', 'H&N'),
('JB007', 'JT007', 'Versauce'),
('JB008', 'JT008', 'Hermas'),
('JB009', 'JT009', 'Prady'),
('JB010', 'JT010', 'Suprene')

INSERT INTO MsJacket VALUES 
('MJ001', 'JB001', 75000, 150000, 160),
('MJ002', 'JB002', 80000, 100000, 780),
('MJ003', 'JB003', 92000, 150000, 800),
('MJ004', 'JB004', 75000, 150000, 500),
('MJ005', 'JB005', 84000, 100000, 350),
('MJ006', 'JB006', 90000, 150000, 80),
('MJ007', 'JB007', 46000, 100000, 575),
('MJ008', 'JB008', 89000, 100000, 730),
('MJ009', 'JB009', 69000, 150000, 85),
('MJ010', 'JB010', 85000, 100000, 780)

INSERT INTO PurchaseHeader VALUES
('MC001', '2022-01-20', 'MV001', 'MS001'),
('MC002', '2022-01-25', 'MV002', 'MS002'),
('MC003', '2022-03-14', 'MV003', 'MS003'),
('MC004', '2022-03-21', 'MV004', 'MS004'),
('MC005', '2022-03-29', 'MV005', 'MS005'),
('MC006', '2022-04-5', 'MV006', 'MS006'),
('MC007', '2022-04-15', 'MV007', 'MS007'),
('MC008', '2022-04-25', 'MV008', 'MS008'),
('MC009', '2022-05-20', 'MV009', 'MS009'),
('MC010', '2022-06-1', 'MV010', 'MS010'),
('MC011', '2022-06-10', 'MV001', 'MS001'),
('MC012', '2022-07-20', 'MV002', 'MS002'),
('MC013', '2022-07-25', 'MV003', 'MS003'),
('MC014', '2022-08-9', 'MV004', 'MS004'),
('MC015', '2022-08-18', 'MV005', 'MS005'),
('MC016', '2021-01-20', 'MV001', 'MS001'),
('MC017', '2021-01-20', 'MV003', 'MS002'),
('MC018', '2022-06-6', 'MV010', 'MS010'),
('MC019', '2022-06-27', 'MV010', 'MS009'),
('MC020', '2022-07-4', 'MV008', 'MS010')

INSERT INTO PurchaseDetail VALUES
(50, 'MJ001', 'MC001'),
(55, 'MJ002', 'MC002'),
(30, 'MJ003', 'MC003'),
(50, 'MJ004', 'MC004'),
(70, 'MJ005', 'MC005'),
(55, 'MJ006', 'MC006'),
(80, 'MJ007', 'MC007'),
(35, 'MJ008', 'MC008'),
(50, 'MJ009', 'MC009'),
(50, 'MJ010', 'MC010'),
(60, 'MJ001', 'MC011'),
(50, 'MJ002', 'MC012'),
(55, 'MJ003', 'MC013'),
(15, 'MJ004', 'MC014'),
(70, 'MJ005', 'MC015'),
(50, 'MJ006', 'MC001'),
(75, 'MJ007', 'MC002'),
(80, 'MJ008', 'MC003'),
(90, 'MJ009', 'MC004'),
(50, 'MJ010', 'MC005'),
(50, 'MJ001', 'MC006'),
(45, 'MJ002', 'MC007'),
(60, 'MJ003', 'MC008'),
(90, 'MJ004', 'MC009'),
(50, 'MJ005', 'MC010'),
(50, 'MJ006', 'MC016'),
(60, 'MJ007', 'MC017'),
(20, 'MJ008', 'MC018'),
(30, 'MJ009', 'MC019'),
(40, 'MJ010', 'MC020')

INSERT INTO SalesHeader VALUES
('SH001', '2021-01-01', 'MC001', 'MS001'),
('SH002', '2021-01-16', 'MC002', 'MS002'),
('SH003', '2021-01-27', 'MC003', 'MS003'),
('SH004', '2021-02-05', 'MC004', 'MS004'),
('SH005', '2021-02-09', 'MC005', 'MS005'),
('SH006', '2021-02-19', 'MC006', 'MS006'),
('SH007', '2021-03-05', 'MC007', 'MS007'),
('SH008', '2021-03-10', 'MC008', 'MS008'),
('SH009', '2021-04-20', 'MC009', 'MS009'),
('SH010', '2021-05-10', 'MC010', 'MS010'),
('SH011', '2021-09-21', 'MC001', 'MS001'),
('SH012', '2021-10-11', 'MC002', 'MS002'),
('SH013', '2021-10-22', 'MC003', 'MS003'),
('SH014', '2021-12-10', 'MC004', 'MS004'),
('SH015', '2022-01-01', 'MC005', 'MS005'),
('SH016', '2022-03-16', 'MC002', 'MS002'),
('SH017', '2022-04-01', 'MC005', 'MS003'),
('SH018', '2022-02-15', 'MC003', 'MS004'),
('SH019', '2022-02-08', 'MC004', 'MS001'),
('SH020', '2022-07-01', 'MC001', 'MS001'),
('SH021', '2022-07-02', 'MC005', 'MS005'),
('SH022', '2021-07-01', 'MC001', 'MS001'),
('SH023', '2021-07-02', 'MC005', 'MS002'),
('SH024', '2021-07-02', 'MC005', 'MS003'),
('SH025', '2021-06-01', 'MC001', 'MS004'),
('SH026', '2021-01-02', 'MC002', 'MS004'),
('SH027', '2021-03-02', 'MC009', 'MS004'),
('SH028','2021-07-03', 'MC010', 'MS010'),
('SH029','2021-07-10', 'MC009', 'MS009'),
('SH030','2021-07-23', 'MC008', 'MS009'),
('SH031','2021-07-30', 'MC007', 'MS009'),
('SH032', '2021-05-05', 'MC002', 'MS002'),
('SH033', '2021-05-25', 'MC004', 'MS004')

INSERT INTO SalesDetail VALUES
(1, 'MJ001', 'SH001'),
(3, 'MJ002', 'SH002'),
(2, 'MJ003', 'SH003'),
(7, 'MJ004', 'SH004'),
(4, 'MJ005', 'SH005'),
(4, 'MJ006', 'SH006'),
(2, 'MJ007', 'SH007'),
(1, 'MJ008', 'SH008'),
(5, 'MJ009', 'SH009'),
(3, 'MJ010', 'SH010'),
(6, 'MJ001', 'SH001'),
(8, 'MJ002', 'SH002'),
(3, 'MJ003', 'SH003'),
(2, 'MJ004', 'SH004'),
(1, 'MJ005', 'SH005'),
(2, 'MJ006', 'SH006'),
(6, 'MJ007', 'SH007'),
(4, 'MJ008', 'SH008'),
(3, 'MJ009', 'SH009'),
(2, 'MJ010', 'SH010'),
(2, 'MJ001', 'SH001'),
(3, 'MJ002', 'SH002'),
(1, 'MJ003', 'SH003'),
(3, 'MJ004', 'SH004'),
(5, 'MJ005', 'SH005'),
(10, 'MJ010', 'SH016'),
(20, 'MJ001', 'SH017'),
(25, 'MJ002', 'SH018'),
(30, 'MJ003', 'SH019'),
(25, 'MJ004', 'SH020'),
(10, 'MJ005', 'SH021'),
(35, 'MJ006', 'SH022'),
(20, 'MJ007', 'SH023'),
(10, 'MJ008', 'SH024'),
(15, 'MJ009', 'SH025'),
(20, 'MJ010', 'SH026'),
(5, 'MJ001', 'SH027'),
(10, 'MJ002', 'SH028'),
(20, 'MJ003', 'SH029'),
(15, 'MJ004', 'SH030'),
(25, 'MJ005', 'SH031'),
(3, 'MJ002', 'SH032'),
(2, 'MJ004', 'SH033')

